{"cameraMode":{"drawMode":0,"name":"Shaded","section":"Shading Mode"},"sceneLighting":false,"audioPlay":false,"sceneViewState":{"showFog":true,"showMaterialUpdate":false,"showSkybox":false,"showFlares":true,"showImageEffects":true,"showParticleSystems":true},"in2DMode":false,"pivot":{"x":-2.490499973297119,"y":1.058778166770935,"z":4.355471611022949},"rotation":{"x":-0.03941265866160393,"y":0.4539780616760254,"z":-0.01975630596280098,"w":-0.8900757431983948},"size":24.3209228515625,"orthographic":false}