{"cameraMode":{"drawMode":0,"name":"Shaded","section":"Shading Mode"},"sceneLighting":false,"audioPlay":false,"sceneViewState":{"showFog":true,"showMaterialUpdate":false,"showSkybox":false,"showFlares":true,"showImageEffects":true,"showParticleSystems":true},"in2DMode":false,"pivot":{"x":9.729669570922852,"y":3.566758155822754,"z":-1.4150004386901856},"rotation":{"x":-0.02995094656944275,"y":-0.34460002183914187,"z":-0.011594650335609913,"w":0.9383519291877747},"size":6.377368450164795,"orthographic":false}