{"cameraMode":{"drawMode":0,"name":"Shaded","section":"Shading Mode"},"sceneLighting":false,"audioPlay":false,"sceneViewState":{"showFog":true,"showMaterialUpdate":false,"showSkybox":false,"showFlares":true,"showImageEffects":true,"showParticleSystems":true},"in2DMode":false,"pivot":{"x":-1.2450380325317383,"y":0.043305546045303348,"z":5.012861728668213},"rotation":{"x":-0.09886530786752701,"y":0.7721916437149048,"z":-0.12330380082130432,"w":-0.6156511306762695},"size":3.5002517700195314,"orthographic":false}